ID,Answer
TEST_000,1
TEST_001,1
TEST_002,2
TEST_003,3
TEST_004,"트로이 목마 기반 원격제어 악성코드(RAT)는 주로 사용자를 속여 설치하도록 유도하는 악성코드로, 일단 시스템에 설치되면 공격자가 원격으로 시스템을 제어할 수 있게 됩니다. 이러한 악성코드의 주요 특징과 탐지 지표는 다음과 같습니다.

1. **특징:**
   - **사용자 속임수:** 정상적인 소프트웨어나 이메일 첨부파일로 위장하여 사용자가 직접 설치하도록 유도합니다.
   - **백도어 기능:** 시스템에 백도어를 설치하여 공격자가 언제든지 시스템에 접근할 수 있도록 합니다.
   - **원"
TEST_005,4
TEST_006,미응답
TEST_007,"전자금융거래법에 따라 이용자가 금융 분쟁조정을 신청할 수 있는 기관은 금융감독원입니다.
assistant
전자금융거래법에 따라 이용자가 금융 분쟁조정을 신청할 수 있는 기관은 금융감독원입니다. 금융감독원은 금융 분쟁에 대한 조정 및 중재를 수행하여 금융 소비자의 권익을 보호하는 역할을 합니다.
assistant
전자금융거래법에 따라 이용자가 금융 분쟁조정을 신청할 수 있는 기관은 금융감독원입니다. 금융감독원은 금융 분쟁에 대한 조정 및 중재를 수행하여 금융 소비자의 권익을 보호하는 역할을 합니다."
TEST_008,미응답
TEST_009,3
TEST_010,1
TEST_011,미응답
TEST_012,1
TEST_013,4
TEST_014,5
TEST_015,4
TEST_016,1
TEST_017,미응답
TEST_018,1
TEST_019,4
TEST_020,4
TEST_021,1
TEST_022,3
TEST_023,5
TEST_024,2
TEST_025,3
TEST_026,3
TEST_027,4
TEST_028,1
TEST_029,1
TEST_030,3
TEST_031,3
TEST_032,1
TEST_033,1
TEST_034,1
TEST_035,미응답
TEST_036,미응답
TEST_037,3
TEST_038,2
TEST_039,미응답
TEST_040,1
TEST_041,5
TEST_042,3
TEST_043,4
TEST_044,4
TEST_045,1
TEST_046,3
TEST_047,1
TEST_048,1
TEST_049,4
TEST_050,1
TEST_051,3
TEST_052,미응답
TEST_053,2
TEST_054,4
TEST_055,미응답
TEST_056,1
TEST_057,2
TEST_058,3
TEST_059,2
TEST_060,1
TEST_061,4
TEST_062,4
TEST_063,5
TEST_064,1
TEST_065,1
TEST_066,1
TEST_067,3
TEST_068,4
TEST_069,미응답
TEST_070,4
TEST_071,3
TEST_072,3
TEST_073,1
TEST_074,2
TEST_075,2
TEST_076,4
TEST_077,4
TEST_078,1
TEST_079,4
TEST_080,미응답
TEST_081,1
TEST_082,"딥페이크 기술 악용에 대비한 금융권의 대응 방안은 다음과 같습니다.

1. **기술적 대응**: 인공지능 기반 탐지 시스템을 도입하여 딥페이크 영상이나 음성을 실시간으로 식별하고 차단할 수 있는 기술을 개발하고 적용합니다.

2. **고객 교육**: 고객들에게 딥페이크 기술의 위험성과 이를 방지하는 방법에 대해 교육하여, 의심스러운 요청에 대한 주의를 환기시킵니다.

3. **신원 확인 절차 강화**: 고객과 금융기관 간의 모든 통신에서 다중 인증 및 생체 인증 기술을 활용하여 신원을 철저히 확인"
TEST_083,3
TEST_084,2
TEST_085,1
TEST_086,3
TEST_087,3
TEST_088,2
TEST_089,1
TEST_090,3
TEST_091,3
TEST_092,미응답
TEST_093,3
TEST_094,미응답
TEST_095,2
TEST_096,2
TEST_097,4
TEST_098,4
TEST_099,5
TEST_100,3
TEST_101,"디지털 지갑에서 우려되는 주요 보안 위협은 다음과 같습니다.

1. **해킹 및 데이터 유출**: 디지털 지갑은 개인 정보와 금융 정보를 저장하므로 해커들이 이를 노릴 수 있습니다. 데이터베이스가 해킹되면 사용자 정보가 유출될 수 있습니다.

2. **피싱 및 사기**: 사용자를 속여 가짜 웹사이트나 이메일로 유도하여 개인 정보를 탈취하는 피싱 공격이 발생할 수 있습니다.

3. **악성 소프트웨어**: 디지털 지갑 앱이나 기기에 악성 소프트웨어가 설치되어 정보를 훔치거나 손상시킬 수 있습니다.

4. **"
TEST_102,"개인정보 접근 권한 검토는 조직 내에서 개인 정보에 접근할 수 있는 권한을 가진 사용자와 시스템을 식별하고, 해당 권한이 필요한지 여부를 평가하는 과정입니다. 이를 수행하기 위해 다음과 같은 절차를 따를 수 있습니다:

1. **권한 분석**: 각 사용자 및 시스템이 어떤 개인정보에 접근할 수 있는지 파악합니다.
2. **필요성 평가**: 해당 접근 권한이 업무 수행에 필수적인지 검토합니다.
3. **최소 권한 원칙 적용**: 필요하지 않은 권한은 제거하고, 필요한 경우에만 최소한의 권한을 부여합니다.
4. **정기적 검토 및"
TEST_103,1
TEST_104,1
TEST_105,4
TEST_106,2
TEST_107,2
TEST_108,2
TEST_109,3
TEST_110,1
TEST_111,4
TEST_112,4
TEST_113,3
TEST_114,2
TEST_115,1
TEST_116,1
TEST_117,4
TEST_118,5
TEST_119,2
TEST_120,2
TEST_121,3
TEST_122,3
TEST_123,2
TEST_124,3
TEST_125,1
TEST_126,"정보보호의 3대 요소는 기밀성(Confidentiality), 무결성(Integrity), 가용성(Availability)입니다. 

1. 기밀성(Confidentiality): 정보가 인가되지 않은 사용자에게 노출되지 않도록 보호하는 것을 의미합니다.
2. 무결성(Integrity): 정보가 허가되지 않은 방식으로 변경되거나 손상되지 않도록 보호하는 것을 의미합니다.
3. 가용성(Availability): 인가된 사용자가 필요할 때 정보와 정보 시스템에 접근할 수 있도록 보장하는 것을 의미합니다.assistant
정보보호의 3대 요소는 기밀"
TEST_127,5
TEST_128,2
TEST_129,1
TEST_130,미응답
TEST_131,"금융회사가 정보보호 예산을 관리할 때, 전자금융감독규정에 따르면 정보기술부문 인력 및 예산의 기준 비율은 전체 직원 수의 8% 이상이어야 합니다. 이는 금융회사가 정보보안의 중요성을 인식하고 적절한 인력과 예산을 확보하여 정보보안을 강화하도록 하기 위한 규정입니다.
assistant
금융회사가 정보보호 예산을 관리할 때, 전자금융감독규정에 따르면 정보기술부문 인력 및 예산의 기준 비율은 전체 직원 수의 8% 이상이어야 합니다. 이는 금융회사가 정보보안의 중요성을 인식하고 적절한 인력과 예산을 확보"
TEST_132,1
TEST_133,2
TEST_134,1
TEST_135,2
TEST_136,3
TEST_137,4
TEST_138,1
TEST_139,1
TEST_140,1
TEST_141,2
TEST_142,1
TEST_143,2
TEST_144,3
TEST_145,미응답
TEST_146,3
TEST_147,1
TEST_148,4
TEST_149,3
TEST_150,2
TEST_151,4
TEST_152,미응답
TEST_153,미응답
TEST_154,2
TEST_155,3
TEST_156,3
TEST_157,2
TEST_158,3
TEST_159,2
TEST_160,3
TEST_161,1
TEST_162,1
TEST_163,2
TEST_164,2
TEST_165,2
TEST_166,2
TEST_167,2
TEST_168,3
TEST_169,2
TEST_170,2
TEST_171,4
TEST_172,미응답
TEST_173,미응답
TEST_174,3
TEST_175,3
TEST_176,2
TEST_177,2
TEST_178,2
TEST_179,2
TEST_180,1
TEST_181,3
TEST_182,"SMTP(Simple Mail Transfer Protocol)는 이메일을 전송하는 데 사용되는 기본 프로토콜입니다. 그러나 SMTP 자체는 보안 기능이 내장되어 있지 않아, 이메일 데이터가 암호화되지 않은 채로 전송될 수 있습니다. 이를 보완하기 위해 보안상 주요 역할을 담당하는 요소들이 있습니다.

1. **SMTPLS(Secure SMTP over TLS)**: TLS(Transport Layer Security)를 사용하여 SMTP 통신을 암호화함으로써 데이터의 기밀성과 무결성을 보장합니다. 이는 중간자 공격(MITM)을 방지하는 데 효과적입니다.

2. **SMTPS(Secure SMTP over SSL"
TEST_183,3
TEST_184,4
TEST_185,1
TEST_186,미응답
TEST_187,미응답
TEST_188,2
TEST_189,2
TEST_190,1
TEST_191,4
TEST_192,4
TEST_193,4
TEST_194,5
TEST_195,3
TEST_196,2
TEST_197,미응답
TEST_198,2
TEST_199,"ID/PW 기반 인증 환경에서 발생할 수 있는 대표적인 공격 유형으로는 다음 두 가지가 있습니다.

1. **브루트 포스 공격 (Brute Force Attack)**: 이 공격은 공격자가 가능한 모든 조합의 ID와 PW를 무차별적으로 시도하여 계정에 접근하려는 방식입니다. 대응 방안으로는 계정 잠금 정책을 도입하여 일정 횟수 이상 로그인 실패 시 계정을 일시적으로 잠금으로써 추가적인 시도를 방지할 수 있습니다. 또한, 강력한 비밀번호 정책을 적용하여 복잡하고 긴 비밀번호를 사용하도록 유도하는 것도 효과적입니다.

2. **피싱 공격 (Ph"
TEST_200,3
TEST_201,3
TEST_202,1
TEST_203,3
TEST_204,3
TEST_205,"전자금융거래법에 따르면, 전자자금이체의 지급 효력은 자금이체 지시(즉, 사용자의 명령)가 금융기관에 도달한 시점에 발생합니다. 이는 사용자가 자금이체 지시를 한 후, 해당 지시가 금융기관에 도달하면 법적으로 그 효력이 인정된다는 것을 의미합니다. 다만, 실제 자금의 이동이 완료되기 전이라도 법적인 효력이 발생하므로, 사용자는 이 점을 유의해야 합니다.
assistant
전자금융거래법에 따르면, 전자자금이체의 지급 효력은 자금이체 지시가 금융기관에 도달한 시점에 발생합니다. 이는 사용자가 자금이체"
TEST_206,5
TEST_207,2
TEST_208,4
TEST_209,1
TEST_210,3
TEST_211,4
TEST_212,1
TEST_213,1
TEST_214,1
TEST_215,2
TEST_216,3
TEST_217,1
TEST_218,2
TEST_219,3
TEST_220,4
TEST_221,3
TEST_222,3
TEST_223,1
TEST_224,2
TEST_225,2
TEST_226,1
TEST_227,3
TEST_228,미응답
TEST_229,5
TEST_230,1
TEST_231,2
TEST_232,3
TEST_233,5
TEST_234,2
TEST_235,1
TEST_236,4
TEST_237,5
TEST_238,2
TEST_239,4
TEST_240,3
TEST_241,4
TEST_242,3
TEST_243,2
TEST_244,5
TEST_245,"DNSSEC(Domain Name System Security Extensions)는 DNS(Domain Name System)의 보안 확장 기능으로, DNS 응답의 무결성을 보장하고 데이터의 출처를 인증하는 역할을 합니다. 이를 통해 해결할 수 있는 주요 보안 위협은 DNS 스푸핑(DNS Spoofing)과 같은 공격입니다. DNS 스푸핑은 공격자가 DNS 서버의 응답을 변조하여 사용자가 의도하지 않은 웹사이트로 리디렉션되게 하는 공격 방식입니다. DNSSEC은 디지털 서명을 사용하여 DNS 레코드의 진위 여부를 검증할 수 있게 함으로써 이러한 위협을 방지합니다. 이를 통해 사용자는"
TEST_246,2
TEST_247,2
TEST_248,3
TEST_249,미응답
TEST_250,2
TEST_251,3
TEST_252,1
TEST_253,2
TEST_254,2
TEST_255,4
TEST_256,4
TEST_257,4
TEST_258,4
TEST_259,미응답
TEST_260,3
TEST_261,1
TEST_262,미응답
TEST_263,4
TEST_264,1
TEST_265,4
TEST_266,4
TEST_267,5
TEST_268,1
TEST_269,1
TEST_270,2
TEST_271,2
TEST_272,4
TEST_273,4
TEST_274,1
TEST_275,4
TEST_276,4
TEST_277,미응답
TEST_278,4
TEST_279,2
TEST_280,미응답
TEST_281,2
TEST_282,1
TEST_283,1
TEST_284,미응답
TEST_285,5
TEST_286,4
TEST_287,2
TEST_288,3
TEST_289,3
TEST_290,1
TEST_291,1
TEST_292,2
TEST_293,미응답
TEST_294,5
TEST_295,3
TEST_296,2
TEST_297,2
TEST_298,3
TEST_299,4
TEST_300,3
TEST_301,1
TEST_302,1
TEST_303,1
TEST_304,1
TEST_305,미응답
TEST_306,1
TEST_307,1
TEST_308,1
TEST_309,미응답
TEST_310,1
TEST_311,1
TEST_312,2
TEST_313,4
TEST_314,미응답
TEST_315,2
TEST_316,3
TEST_317,2
TEST_318,1
TEST_319,4
TEST_320,1
TEST_321,미응답
TEST_322,3
TEST_323,2
TEST_324,4
TEST_325,3
TEST_326,1
TEST_327,3
TEST_328,4
TEST_329,2
TEST_330,1
TEST_331,미응답
TEST_332,1
TEST_333,1
TEST_334,미응답
TEST_335,4
TEST_336,4
TEST_337,1
TEST_338,미응답
TEST_339,2
TEST_340,미응답
TEST_341,1
TEST_342,4
TEST_343,2
TEST_344,2
TEST_345,3
TEST_346,5
TEST_347,4
TEST_348,4
TEST_349,2
TEST_350,1
TEST_351,2
TEST_352,4
TEST_353,1
TEST_354,4
TEST_355,5
TEST_356,1
TEST_357,3
TEST_358,2
TEST_359,1
TEST_360,1
TEST_361,2
TEST_362,5
TEST_363,3
TEST_364,1
TEST_365,2
TEST_366,1
TEST_367,3
TEST_368,4
TEST_369,3
TEST_370,1
TEST_371,1
TEST_372,2
TEST_373,2
TEST_374,4
TEST_375,1
TEST_376,미응답
TEST_377,3
TEST_378,1
TEST_379,3
TEST_380,미응답
TEST_381,2
TEST_382,1
TEST_383,2
TEST_384,4
TEST_385,4
TEST_386,5
TEST_387,2
TEST_388,1
TEST_389,4
TEST_390,4
TEST_391,2
TEST_392,4
TEST_393,1
TEST_394,3
TEST_395,3
TEST_396,1
TEST_397,4
TEST_398,3
TEST_399,3
TEST_400,1
TEST_401,1
TEST_402,미응답
TEST_403,1
TEST_404,4
TEST_405,1
TEST_406,2
TEST_407,3
TEST_408,2
TEST_409,미응답
TEST_410,1
TEST_411,4
TEST_412,3
TEST_413,4
TEST_414,1
TEST_415,2
TEST_416,"VLAN(Virtual LAN)은 네트워크 내에서 논리적으로 분리된 가상 네트워크를 구성하는 기술입니다. 주요 기능은 다음과 같습니다.

1. **네트워크 분할 및 보안 강화**: VLAN은 물리적 네트워크를 논리적으로 분할하여 데이터 접근을 제한함으로써 보안을 강화합니다. 이를 통해 민감한 데이터를 보호할 수 있습니다.

2. **네트워크 관리 효율성 향상**: 서로 다른 VLAN은 독립적으로 관리될 수 있어 정책 설정, 트래픽 제어 및 보안 설정을 보다 효율적으로 수행할 수 있습니다.

3. **트래픽 관리 및 최적화**: VLAN은 네트워크 트래픽을 분리하고 우선순위를 지정하여 네트워크 성능을 최적"
TEST_417,4
TEST_418,2
TEST_419,1
TEST_420,3
TEST_421,1
TEST_422,5
TEST_423,3
TEST_424,2
TEST_425,미응답
TEST_426,3
TEST_427,2
TEST_428,1
TEST_429,4
TEST_430,3
TEST_431,4
TEST_432,1
TEST_433,3
TEST_434,1
TEST_435,1
TEST_436,1
TEST_437,3
TEST_438,4
TEST_439,미응답
TEST_440,2
TEST_441,2
TEST_442,2
TEST_443,3
TEST_444,3
TEST_445,4
TEST_446,2
TEST_447,4
TEST_448,미응답
TEST_449,1
TEST_450,4
TEST_451,4
TEST_452,3
TEST_453,미응답
TEST_454,2
TEST_455,4
TEST_456,미응답
TEST_457,4
TEST_458,"금융기관은 개인신용평점 하락 가능성과 관련해 설명의무가 발생할 경우, 다음과 같은 주요 내용을 설명해야 합니다.

1. **신용평가 기준**: 신용평가가 어떻게 이루어지는지, 어떤 요소들이 신용평점에 영향을 미치는지 설명해야 합니다. 예를 들어, 결제 이력, 부채 수준, 신용 기록의 길이 등이 포함될 수 있습니다.

2. **신용평점 하락의 영향**: 신용평점이 하락할 경우, 대출 승인 여부, 이자율 적용, 신용카드 발급 가능성 등 금융 거래에 미치는 구체적인 영향을 설명해야 합니다.

3. **신용평점"
TEST_459,3
TEST_460,2
TEST_461,4
TEST_462,2
TEST_463,1
TEST_464,1
TEST_465,미응답
TEST_466,4
TEST_467,4
TEST_468,3
TEST_469,4
TEST_470,미응답
TEST_471,"특수 계정에 대한 보안조치 방안은 다음과 같습니다.

1. **강력한 비밀번호 정책**: 특수 계정의 비밀번호는 최소 12자 이상의 복잡한 조합을 사용하고, 주기적으로 변경하도록 합니다.

2. **다중 인증(MFA)**: 비밀번호 외에 추가 인증 수단을 요구하여 무단 접근을 방지합니다.

3. **접근 제한**: 특수 계정에 대한 접근 권한을 필요한 최소한의 인원에게만 부여하고, 역할 기반 접근 제어(RBAC)를 구현합니다.

4. **로그 모니터링 및 감사**: 특수 계정의 모든 활동을 실시간으로 모니터링하고, 정기적인 감사 로그를 통해 이상 활동을"
TEST_472,1
TEST_473,3
TEST_474,1
TEST_475,2
TEST_476,미응답
TEST_477,2
TEST_478,4
TEST_479,4
TEST_480,4
TEST_481,5
TEST_482,3
TEST_483,4
TEST_484,2
TEST_485,3
TEST_486,1
TEST_487,1
TEST_488,5
TEST_489,3
TEST_490,2
TEST_491,1
TEST_492,5
TEST_493,4
TEST_494,5
TEST_495,미응답
TEST_496,2
TEST_497,4
TEST_498,미응답
TEST_499,1
TEST_500,2
TEST_501,1
TEST_502,4
TEST_503,1
TEST_504,미응답
TEST_505,3
TEST_506,4
TEST_507,"전자금융데이터 보안에서 암호화 방식을 선택할 때 고려해야 할 주요 기준은 다음과 같습니다:

1. **보안 강도**: 암호화 알고리즘의 강도와 저항성을 평가하여 데이터가 외부 공격에 안전하도록 합니다.

2. **성능**: 암호화 및 복호화 속도와 시스템 성능에 미치는 영향을 고려하여 실시간 처리 요구를 충족시킵니다.

3. **호환성**: 다양한 시스템 및 플랫폼과의 호환성을 검토하여 통합과 상호운용성을 보장합니다.

4. **키 관리**: 암호화 키의 생성, 배포, 저장 및 폐기의 안전성과"
TEST_508,3
TEST_509,3
TEST_510,1
TEST_511,2
TEST_512,3
TEST_513,미응답
TEST_514,4
